province,source,year,period_type,period,tax,value_millions
Buenos Aires,top_trim_2025_3.xlsx,2025,trim,2025-Q1,Automotores,124587.84480838744
Buenos Aires,top_trim_2025_3.xlsx,2025,trim,2025-Q1,Ingresos Brutos,2311050.292614186
Buenos Aires,top_trim_2025_3.xlsx,2025,trim,2025-Q1,Inmobiliario,179494.57263945366
Buenos Aires,top_trim_2025_3.xlsx,2025,trim,2025-Q1,Otros,43816.88588694343
Buenos Aires,top_trim_2025_3.xlsx,2025,trim,2025-Q1,Sellos,303757.6505977
Buenos Aires,top_trim_2025_3.xlsx,2025,trim,2025-Q1,Total,2962707.246546671
Buenos Aires,top_trim_2025_3.xlsx,2025,trim,2025-Q2_YTD,Automotores,297626.1365295227
Buenos Aires,top_trim_2025_3.xlsx,2025,trim,2025-Q2_YTD,Ingresos Brutos,4873432.990384548
Buenos Aires,top_trim_2025_3.xlsx,2025,trim,2025-Q2_YTD,Inmobiliario,458314.0499006845
Buenos Aires,top_trim_2025_3.xlsx,2025,trim,2025-Q2_YTD,Otros,104238.32055160558
Buenos Aires,top_trim_2025_3.xlsx,2025,trim,2025-Q2_YTD,Sellos,659154.231802
Buenos Aires,top_trim_2025_3.xlsx,2025,trim,2025-Q2_YTD,Total,6392765.729168361
Buenos Aires,top_trim_2025_3.xlsx,2025,trim,2025-Q3_YTD,Automotores,565468.4764673403
Buenos Aires,top_trim_2025_3.xlsx,2025,trim,2025-Q3_YTD,Ingresos Brutos,7642789.29757944
Buenos Aires,top_trim_2025_3.xlsx,2025,trim,2025-Q3_YTD,Inmobiliario,645902.7593821201
Buenos Aires,top_trim_2025_3.xlsx,2025,trim,2025-Q3_YTD,Otros,221185.09660256997
Buenos Aires,top_trim_2025_3.xlsx,2025,trim,2025-Q3_YTD,Sellos,1060767.7519301302
Buenos Aires,top_trim_2025_3.xlsx,2025,trim,2025-Q3_YTD,Total,10136113.381961605
Catamarca,top_trim_2025_3.xlsx,2025,trim,2025-Q1,Automotores,2442.47597213
Catamarca,top_trim_2025_3.xlsx,2025,trim,2025-Q1,Ingresos Brutos,45433.75645189
Catamarca,top_trim_2025_3.xlsx,2025,trim,2025-Q1,Inmobiliario,1682.74073822
Catamarca,top_trim_2025_3.xlsx,2025,trim,2025-Q1,Otros,91.50124996
Catamarca,top_trim_2025_3.xlsx,2025,trim,2025-Q1,Sellos,1467.13182333
Catamarca,top_trim_2025_3.xlsx,2025,trim,2025-Q1,Total,51117.60623553
Catamarca,top_trim_2025_3.xlsx,2025,trim,2025-Q2_YTD,Automotores,6129.1688102
Catamarca,top_trim_2025_3.xlsx,2025,trim,2025-Q2_YTD,Ingresos Brutos,91331.04423522
Catamarca,top_trim_2025_3.xlsx,2025,trim,2025-Q2_YTD,Inmobiliario,4187.3095062600005
Catamarca,top_trim_2025_3.xlsx,2025,trim,2025-Q2_YTD,Otros,155.16105947999998
Catamarca,top_trim_2025_3.xlsx,2025,trim,2025-Q2_YTD,Sellos,3839.77897842
Catamarca,top_trim_2025_3.xlsx,2025,trim,2025-Q2_YTD,Total,105642.46258958
Catamarca,top_trim_2025_3.xlsx,2025,trim,2025-Q3_YTD,Automotores,8541.31616859
Catamarca,top_trim_2025_3.xlsx,2025,trim,2025-Q3_YTD,Ingresos Brutos,145775.36971001
Catamarca,top_trim_2025_3.xlsx,2025,trim,2025-Q3_YTD,Inmobiliario,5559.65170822
Catamarca,top_trim_2025_3.xlsx,2025,trim,2025-Q3_YTD,Otros,283.54087333
Catamarca,top_trim_2025_3.xlsx,2025,trim,2025-Q3_YTD,Sellos,6195.78054473
Catamarca,top_trim_2025_3.xlsx,2025,trim,2025-Q3_YTD,Total,166355.65900488
Chaco,top_trim_2025_3.xlsx,2025,trim,2025-Q1,Automotores,0.0
Chaco,top_trim_2025_3.xlsx,2025,trim,2025-Q1,Ingresos Brutos,47900.46309547
Chaco,top_trim_2025_3.xlsx,2025,trim,2025-Q1,Inmobiliario,130.16802472
Chaco,top_trim_2025_3.xlsx,2025,trim,2025-Q1,Otros,37732.70982833
Chaco,top_trim_2025_3.xlsx,2025,trim,2025-Q1,Sellos,9898.22749101
Chaco,top_trim_2025_3.xlsx,2025,trim,2025-Q1,Total,95661.56843953
Chaco,top_trim_2025_3.xlsx,2025,trim,2025-Q2_YTD,Automotores,0.0
Chaco,top_trim_2025_3.xlsx,2025,trim,2025-Q2_YTD,Ingresos Brutos,145262.88499139
Chaco,top_trim_2025_3.xlsx,2025,trim,2025-Q2_YTD,Inmobiliario,163.31380462
Chaco,top_trim_2025_3.xlsx,2025,trim,2025-Q2_YTD,Otros,25100.229945859995
Chaco,top_trim_2025_3.xlsx,2025,trim,2025-Q2_YTD,Sellos,27937.7051728
Chaco,top_trim_2025_3.xlsx,2025,trim,2025-Q2_YTD,Total,198464.13391467
Chaco,top_trim_2025_3.xlsx,2025,trim,2025-Q3_YTD,Automotores,0.0
Chaco,top_trim_2025_3.xlsx,2025,trim,2025-Q3_YTD,Ingresos Brutos,239692.70278029295
Chaco,top_trim_2025_3.xlsx,2025,trim,2025-Q3_YTD,Inmobiliario,250.37353165
Chaco,top_trim_2025_3.xlsx,2025,trim,2025-Q3_YTD,Otros,37498.24092560999
Chaco,top_trim_2025_3.xlsx,2025,trim,2025-Q3_YTD,Sellos,42205.831446367
Chaco,top_trim_2025_3.xlsx,2025,trim,2025-Q3_YTD,Total,319647.14868392
Chubut,top_trim_2025_3.xlsx,2025,trim,2025-Q1,Automotores,0.0
Chubut,top_trim_2025_3.xlsx,2025,trim,2025-Q1,Ingresos Brutos,109157.50090661
Chubut,top_trim_2025_3.xlsx,2025,trim,2025-Q1,Inmobiliario,63.8604534
Chubut,top_trim_2025_3.xlsx,2025,trim,2025-Q1,Otros,4742.517356450001
Chubut,top_trim_2025_3.xlsx,2025,trim,2025-Q1,Sellos,18423.321098
Chubut,top_trim_2025_3.xlsx,2025,trim,2025-Q1,Total,132387.19981446
Chubut,top_trim_2025_3.xlsx,2025,trim,2025-Q2_YTD,Automotores,0.0
Chubut,top_trim_2025_3.xlsx,2025,trim,2025-Q2_YTD,Ingresos Brutos,220743.54805755
Chubut,top_trim_2025_3.xlsx,2025,trim,2025-Q2_YTD,Inmobiliario,185.07940539
Chubut,top_trim_2025_3.xlsx,2025,trim,2025-Q2_YTD,Otros,9648.75915192
Chubut,top_trim_2025_3.xlsx,2025,trim,2025-Q2_YTD,Sellos,37964.09034321
Chubut,top_trim_2025_3.xlsx,2025,trim,2025-Q2_YTD,Total,268541.47695806995
Chubut,top_trim_2025_3.xlsx,2025,trim,2025-Q3_YTD,Automotores,0.0
Chubut,top_trim_2025_3.xlsx,2025,trim,2025-Q3_YTD,Ingresos Brutos,352816.99858723
Chubut,top_trim_2025_3.xlsx,2025,trim,2025-Q3_YTD,Inmobiliario,240.50054899
Chubut,top_trim_2025_3.xlsx,2025,trim,2025-Q3_YTD,Otros,13476.37144746
Chubut,top_trim_2025_3.xlsx,2025,trim,2025-Q3_YTD,Sellos,63338.38933793
Chubut,top_trim_2025_3.xlsx,2025,trim,2025-Q3_YTD,Total,429872.25992161
Corrientes,top_trim_2025_3.xlsx,2025,trim,2025-Q1,Automotores,0.0
Corrientes,top_trim_2025_3.xlsx,2025,trim,2025-Q1,Ingresos Brutos,72510.11
Corrientes,top_trim_2025_3.xlsx,2025,trim,2025-Q1,Inmobiliario,707.92
Corrientes,top_trim_2025_3.xlsx,2025,trim,2025-Q1,Otros,707.92
Corrientes,top_trim_2025_3.xlsx,2025,trim,2025-Q1,Sellos,707.92
Corrientes,top_trim_2025_3.xlsx,2025,trim,2025-Q1,Total,74633.87
Corrientes,top_trim_2025_3.xlsx,2025,trim,2025-Q2_YTD,Automotores,0.0
Corrientes,top_trim_2025_3.xlsx,2025,trim,2025-Q2_YTD,Ingresos Brutos,148793.22
Corrientes,top_trim_2025_3.xlsx,2025,trim,2025-Q2_YTD,Inmobiliario,5664.63
Corrientes,top_trim_2025_3.xlsx,2025,trim,2025-Q2_YTD,Otros,253.33
Corrientes,top_trim_2025_3.xlsx,2025,trim,2025-Q2_YTD,Sellos,24813.6
Corrientes,top_trim_2025_3.xlsx,2025,trim,2025-Q2_YTD,Total,179524.78
Corrientes,top_trim_2025_3.xlsx,2025,trim,2025-Q3_YTD,Automotores,0.0
Corrientes,top_trim_2025_3.xlsx,2025,trim,2025-Q3_YTD,Ingresos Brutos,232115.91
Corrientes,top_trim_2025_3.xlsx,2025,trim,2025-Q3_YTD,Inmobiliario,7783.46
Corrientes,top_trim_2025_3.xlsx,2025,trim,2025-Q3_YTD,Otros,421.57
Corrientes,top_trim_2025_3.xlsx,2025,trim,2025-Q3_YTD,Sellos,39131.48
Corrientes,top_trim_2025_3.xlsx,2025,trim,2025-Q3_YTD,Total,279452.42
Córdoba,top_trim_2025_3.xlsx,2025,trim,2025-Q1,Automotores,44595.627161060016
Córdoba,top_trim_2025_3.xlsx,2025,trim,2025-Q1,Ingresos Brutos,531081.0647022624
Córdoba,top_trim_2025_3.xlsx,2025,trim,2025-Q1,Inmobiliario,89735.23550796094
Córdoba,top_trim_2025_3.xlsx,2025,trim,2025-Q1,Otros,224.8912512885334
Córdoba,top_trim_2025_3.xlsx,2025,trim,2025-Q1,Sellos,77770.58874077
Córdoba,top_trim_2025_3.xlsx,2025,trim,2025-Q1,Total,743407.4073633419
Córdoba,top_trim_2025_3.xlsx,2025,trim,2025-Q2_YTD,Automotores,70814.42386757
Córdoba,top_trim_2025_3.xlsx,2025,trim,2025-Q2_YTD,Ingresos Brutos,1124259.3279533128
Córdoba,top_trim_2025_3.xlsx,2025,trim,2025-Q2_YTD,Inmobiliario,127092.92974153094
Córdoba,top_trim_2025_3.xlsx,2025,trim,2025-Q2_YTD,Otros,338.90751635853337
Córdoba,top_trim_2025_3.xlsx,2025,trim,2025-Q2_YTD,Sellos,169005.46634922997
Córdoba,top_trim_2025_3.xlsx,2025,trim,2025-Q2_YTD,Total,1491511.055428002
Córdoba,top_trim_2025_3.xlsx,2025,trim,2025-Q3_YTD,Automotores,93430.5696472
Córdoba,top_trim_2025_3.xlsx,2025,trim,2025-Q3_YTD,Ingresos Brutos,1801401.90214099
Córdoba,top_trim_2025_3.xlsx,2025,trim,2025-Q3_YTD,Inmobiliario,161841.93258806
Córdoba,top_trim_2025_3.xlsx,2025,trim,2025-Q3_YTD,Otros,440.62751014
Córdoba,top_trim_2025_3.xlsx,2025,trim,2025-Q3_YTD,Sellos,272441.49208624
Córdoba,top_trim_2025_3.xlsx,2025,trim,2025-Q3_YTD,Total,2329556.52397263
Entre Ríos,top_trim_2025_3.xlsx,2025,trim,2025-Q1,Automotores,23509.41492034
Entre Ríos,top_trim_2025_3.xlsx,2025,trim,2025-Q1,Ingresos Brutos,146349.02730885998
Entre Ríos,top_trim_2025_3.xlsx,2025,trim,2025-Q1,Inmobiliario,2487.83800385
Entre Ríos,top_trim_2025_3.xlsx,2025,trim,2025-Q1,Otros,14.78015916
Entre Ríos,top_trim_2025_3.xlsx,2025,trim,2025-Q1,Sellos,18250.52559002
Entre Ríos,top_trim_2025_3.xlsx,2025,trim,2025-Q1,Total,190611.58598223
Entre Ríos,top_trim_2025_3.xlsx,2025,trim,2025-Q2_YTD,Automotores,43786.245556760005
Entre Ríos,top_trim_2025_3.xlsx,2025,trim,2025-Q2_YTD,Ingresos Brutos,307249.32495167
Entre Ríos,top_trim_2025_3.xlsx,2025,trim,2025-Q2_YTD,Inmobiliario,47288.64894720999
Entre Ríos,top_trim_2025_3.xlsx,2025,trim,2025-Q2_YTD,Otros,36.67119168
Entre Ríos,top_trim_2025_3.xlsx,2025,trim,2025-Q2_YTD,Sellos,38966.17371204
Entre Ríos,top_trim_2025_3.xlsx,2025,trim,2025-Q2_YTD,Total,437327.06435936
Entre Ríos,top_trim_2025_3.xlsx,2025,trim,2025-Q3_YTD,Automotores,77973.30163037
Entre Ríos,top_trim_2025_3.xlsx,2025,trim,2025-Q3_YTD,Ingresos Brutos,489437.56251557
Entre Ríos,top_trim_2025_3.xlsx,2025,trim,2025-Q3_YTD,Inmobiliario,71782.50453241999
Entre Ríos,top_trim_2025_3.xlsx,2025,trim,2025-Q3_YTD,Otros,61.0847072
Entre Ríos,top_trim_2025_3.xlsx,2025,trim,2025-Q3_YTD,Sellos,62124.55593342
Entre Ríos,top_trim_2025_3.xlsx,2025,trim,2025-Q3_YTD,Total,701379.0093189798
Formosa,top_trim_2025_3.xlsx,2025,trim,2025-Q1,Automotores,0.0
Formosa,top_trim_2025_3.xlsx,2025,trim,2025-Q1,Ingresos Brutos,31967.22746789
Formosa,top_trim_2025_3.xlsx,2025,trim,2025-Q1,Inmobiliario,202.37615336
Formosa,top_trim_2025_3.xlsx,2025,trim,2025-Q1,Otros,29.14024621
Formosa,top_trim_2025_3.xlsx,2025,trim,2025-Q1,Sellos,4158.40355306
Formosa,top_trim_2025_3.xlsx,2025,trim,2025-Q1,Total,36357.14742052
Formosa,top_trim_2025_3.xlsx,2025,trim,2025-Q2_YTD,Automotores,0.0
Formosa,top_trim_2025_3.xlsx,2025,trim,2025-Q2_YTD,Ingresos Brutos,66467.58117408
Formosa,top_trim_2025_3.xlsx,2025,trim,2025-Q2_YTD,Inmobiliario,400.27911108
Formosa,top_trim_2025_3.xlsx,2025,trim,2025-Q2_YTD,Otros,110.76092851
Formosa,top_trim_2025_3.xlsx,2025,trim,2025-Q2_YTD,Sellos,9338.14358644
Formosa,top_trim_2025_3.xlsx,2025,trim,2025-Q2_YTD,Total,76316.76480011
Formosa,top_trim_2025_3.xlsx,2025,trim,2025-Q3_YTD,Automotores,0.0
Formosa,top_trim_2025_3.xlsx,2025,trim,2025-Q3_YTD,Ingresos Brutos,104003.80810824
Formosa,top_trim_2025_3.xlsx,2025,trim,2025-Q3_YTD,Inmobiliario,598.54891185
Formosa,top_trim_2025_3.xlsx,2025,trim,2025-Q3_YTD,Otros,216.66866729
Formosa,top_trim_2025_3.xlsx,2025,trim,2025-Q3_YTD,Sellos,15014.98019643
Formosa,top_trim_2025_3.xlsx,2025,trim,2025-Q3_YTD,Total,119834.00588381
Jujuy,top_trim_2025_3.xlsx,2025,trim,2025-Q1,Automotores,0.0
Jujuy,top_trim_2025_3.xlsx,2025,trim,2025-Q1,Ingresos Brutos,55603.2566806
Jujuy,top_trim_2025_3.xlsx,2025,trim,2025-Q1,Inmobiliario,5957.5907899
Jujuy,top_trim_2025_3.xlsx,2025,trim,2025-Q1,Otros,0.0
Jujuy,top_trim_2025_3.xlsx,2025,trim,2025-Q1,Sellos,7003.545814440001
Jujuy,top_trim_2025_3.xlsx,2025,trim,2025-Q1,Total,68564.39328494
Jujuy,top_trim_2025_3.xlsx,2025,trim,2025-Q2_YTD,Automotores,0.0
Jujuy,top_trim_2025_3.xlsx,2025,trim,2025-Q2_YTD,Ingresos Brutos,114391.31550377
Jujuy,top_trim_2025_3.xlsx,2025,trim,2025-Q2_YTD,Inmobiliario,7256.7936129300015
Jujuy,top_trim_2025_3.xlsx,2025,trim,2025-Q2_YTD,Otros,0.0
Jujuy,top_trim_2025_3.xlsx,2025,trim,2025-Q2_YTD,Sellos,15249.45866291
Jujuy,top_trim_2025_3.xlsx,2025,trim,2025-Q2_YTD,Total,136897.56777961
Jujuy,top_trim_2025_3.xlsx,2025,trim,2025-Q3_YTD,Automotores,0.0
Jujuy,top_trim_2025_3.xlsx,2025,trim,2025-Q3_YTD,Ingresos Brutos,180209.67420088
Jujuy,top_trim_2025_3.xlsx,2025,trim,2025-Q3_YTD,Inmobiliario,8230.081525220001
Jujuy,top_trim_2025_3.xlsx,2025,trim,2025-Q3_YTD,Otros,0.0
Jujuy,top_trim_2025_3.xlsx,2025,trim,2025-Q3_YTD,Sellos,24156.71167766
Jujuy,top_trim_2025_3.xlsx,2025,trim,2025-Q3_YTD,Total,212596.46740376
La Pampa,top_trim_2025_3.xlsx,2025,trim,2025-Q3_YTD,Automotores,0.0
La Pampa,top_trim_2025_3.xlsx,2025,trim,2025-Q3_YTD,Ingresos Brutos,0.0
La Pampa,top_trim_2025_3.xlsx,2025,trim,2025-Q3_YTD,Inmobiliario,0.0
La Pampa,top_trim_2025_3.xlsx,2025,trim,2025-Q3_YTD,Otros,0.0
La Pampa,top_trim_2025_3.xlsx,2025,trim,2025-Q3_YTD,Sellos,0.0
La Pampa,top_trim_2025_3.xlsx,2025,trim,2025-Q3_YTD,Total,0.0
La Rioja,top_trim_2025_3.xlsx,2025,trim,2025-Q1,Automotores,1761.2697353699998
La Rioja,top_trim_2025_3.xlsx,2025,trim,2025-Q1,Ingresos Brutos,28707.499194249995
La Rioja,top_trim_2025_3.xlsx,2025,trim,2025-Q1,Inmobiliario,1157.40968461
La Rioja,top_trim_2025_3.xlsx,2025,trim,2025-Q1,Otros,0.0
La Rioja,top_trim_2025_3.xlsx,2025,trim,2025-Q1,Sellos,4602.709614310001
La Rioja,top_trim_2025_3.xlsx,2025,trim,2025-Q1,Total,36228.88822854
La Rioja,top_trim_2025_3.xlsx,2025,trim,2025-Q2_YTD,Automotores,4075.84390556
La Rioja,top_trim_2025_3.xlsx,2025,trim,2025-Q2_YTD,Ingresos Brutos,57405.69386707
La Rioja,top_trim_2025_3.xlsx,2025,trim,2025-Q2_YTD,Inmobiliario,2068.77880275
La Rioja,top_trim_2025_3.xlsx,2025,trim,2025-Q2_YTD,Otros,0.0
La Rioja,top_trim_2025_3.xlsx,2025,trim,2025-Q2_YTD,Sellos,9858.1856157
La Rioja,top_trim_2025_3.xlsx,2025,trim,2025-Q2_YTD,Total,73408.50219108
La Rioja,top_trim_2025_3.xlsx,2025,trim,2025-Q3_YTD,Automotores,5894.46828836
La Rioja,top_trim_2025_3.xlsx,2025,trim,2025-Q3_YTD,Ingresos Brutos,91090.20597701
La Rioja,top_trim_2025_3.xlsx,2025,trim,2025-Q3_YTD,Inmobiliario,2577.756097
La Rioja,top_trim_2025_3.xlsx,2025,trim,2025-Q3_YTD,Otros,0.0
La Rioja,top_trim_2025_3.xlsx,2025,trim,2025-Q3_YTD,Sellos,15481.45378727
La Rioja,top_trim_2025_3.xlsx,2025,trim,2025-Q3_YTD,Total,115043.88414964
Mendoza,top_trim_2025_3.xlsx,2025,trim,2025-Q1,Automotores,30083.69563976
Mendoza,top_trim_2025_3.xlsx,2025,trim,2025-Q1,Ingresos Brutos,235952.97096641
Mendoza,top_trim_2025_3.xlsx,2025,trim,2025-Q1,Inmobiliario,23206.01842061
Mendoza,top_trim_2025_3.xlsx,2025,trim,2025-Q1,Otros,1347.06713244
Mendoza,top_trim_2025_3.xlsx,2025,trim,2025-Q1,Sellos,26734.57067613
Mendoza,top_trim_2025_3.xlsx,2025,trim,2025-Q1,Total,317324.32283534994
Mendoza,top_trim_2025_3.xlsx,2025,trim,2025-Q2_YTD,Automotores,50591.90686128
Mendoza,top_trim_2025_3.xlsx,2025,trim,2025-Q2_YTD,Ingresos Brutos,493841.0330783801
Mendoza,top_trim_2025_3.xlsx,2025,trim,2025-Q2_YTD,Inmobiliario,32515.497386649997
Mendoza,top_trim_2025_3.xlsx,2025,trim,2025-Q2_YTD,Otros,608.4355596
Mendoza,top_trim_2025_3.xlsx,2025,trim,2025-Q2_YTD,Sellos,55247.41510435
Mendoza,top_trim_2025_3.xlsx,2025,trim,2025-Q2_YTD,Total,632804.28799026
Mendoza,top_trim_2025_3.xlsx,2025,trim,2025-Q3_YTD,Automotores,72493.19442407
Mendoza,top_trim_2025_3.xlsx,2025,trim,2025-Q3_YTD,Ingresos Brutos,792748.26352193
Mendoza,top_trim_2025_3.xlsx,2025,trim,2025-Q3_YTD,Inmobiliario,41370.27033016
Mendoza,top_trim_2025_3.xlsx,2025,trim,2025-Q3_YTD,Otros,1055.52620003
Mendoza,top_trim_2025_3.xlsx,2025,trim,2025-Q3_YTD,Sellos,93360.78986043
Mendoza,top_trim_2025_3.xlsx,2025,trim,2025-Q3_YTD,Total,1001028.04433662
Misiones,top_trim_2025_3.xlsx,2025,trim,2025-Q1,Automotores,2228.53943863
Misiones,top_trim_2025_3.xlsx,2025,trim,2025-Q1,Ingresos Brutos,229066.40518376
Misiones,top_trim_2025_3.xlsx,2025,trim,2025-Q1,Inmobiliario,7224.70990171
Misiones,top_trim_2025_3.xlsx,2025,trim,2025-Q1,Otros,889.80948577
Misiones,top_trim_2025_3.xlsx,2025,trim,2025-Q1,Sellos,13443.33412956
Misiones,top_trim_2025_3.xlsx,2025,trim,2025-Q1,Total,252852.79813943
Misiones,top_trim_2025_3.xlsx,2025,trim,2025-Q2_YTD,Automotores,4174.970571039999
Misiones,top_trim_2025_3.xlsx,2025,trim,2025-Q2_YTD,Ingresos Brutos,462769.67212159
Misiones,top_trim_2025_3.xlsx,2025,trim,2025-Q2_YTD,Inmobiliario,12163.95887434
Misiones,top_trim_2025_3.xlsx,2025,trim,2025-Q2_YTD,Otros,1660.9032117900003
Misiones,top_trim_2025_3.xlsx,2025,trim,2025-Q2_YTD,Sellos,27055.16039426
Misiones,top_trim_2025_3.xlsx,2025,trim,2025-Q2_YTD,Total,507824.66517302
Misiones,top_trim_2025_3.xlsx,2025,trim,2025-Q3_YTD,Automotores,5731.182460239999
Misiones,top_trim_2025_3.xlsx,2025,trim,2025-Q3_YTD,Ingresos Brutos,693890.5383538901
Misiones,top_trim_2025_3.xlsx,2025,trim,2025-Q3_YTD,Inmobiliario,15791.97257417
Misiones,top_trim_2025_3.xlsx,2025,trim,2025-Q3_YTD,Otros,2245.1276078900005
Misiones,top_trim_2025_3.xlsx,2025,trim,2025-Q3_YTD,Sellos,42287.39821492
Misiones,top_trim_2025_3.xlsx,2025,trim,2025-Q3_YTD,Total,759946.21921111
Neuquén,top_trim_2025_3.xlsx,2025,trim,2025-Q1,Automotores,0.0
Neuquén,top_trim_2025_3.xlsx,2025,trim,2025-Q1,Ingresos Brutos,326673.24720800004
Neuquén,top_trim_2025_3.xlsx,2025,trim,2025-Q1,Inmobiliario,13483.92070821
Neuquén,top_trim_2025_3.xlsx,2025,trim,2025-Q1,Otros,0.0
Neuquén,top_trim_2025_3.xlsx,2025,trim,2025-Q1,Sellos,23211.32634822
Neuquén,top_trim_2025_3.xlsx,2025,trim,2025-Q1,Total,363368.49426443
Neuquén,top_trim_2025_3.xlsx,2025,trim,2025-Q3_YTD,Automotores,0.0
Neuquén,top_trim_2025_3.xlsx,2025,trim,2025-Q3_YTD,Ingresos Brutos,1142692.7829645998
Neuquén,top_trim_2025_3.xlsx,2025,trim,2025-Q3_YTD,Inmobiliario,30313.70255841
Neuquén,top_trim_2025_3.xlsx,2025,trim,2025-Q3_YTD,Otros,0.0
Neuquén,top_trim_2025_3.xlsx,2025,trim,2025-Q3_YTD,Sellos,88543.33884424
Neuquén,top_trim_2025_3.xlsx,2025,trim,2025-Q3_YTD,Total,1261549.8243672496
Río Negro,top_trim_2025_3.xlsx,2025,trim,2025-Q1,Automotores,27823.238433
Río Negro,top_trim_2025_3.xlsx,2025,trim,2025-Q1,Ingresos Brutos,110773.17559300002
Río Negro,top_trim_2025_3.xlsx,2025,trim,2025-Q1,Inmobiliario,16149.313171
Río Negro,top_trim_2025_3.xlsx,2025,trim,2025-Q1,Otros,6914.458753
Río Negro,top_trim_2025_3.xlsx,2025,trim,2025-Q1,Sellos,11718.805495
Río Negro,top_trim_2025_3.xlsx,2025,trim,2025-Q1,Total,173378.99144500002
Río Negro,top_trim_2025_3.xlsx,2025,trim,2025-Q2_YTD,Automotores,38264.64174
Río Negro,top_trim_2025_3.xlsx,2025,trim,2025-Q2_YTD,Ingresos Brutos,234077.10616
Río Negro,top_trim_2025_3.xlsx,2025,trim,2025-Q2_YTD,Inmobiliario,20051.174866
Río Negro,top_trim_2025_3.xlsx,2025,trim,2025-Q2_YTD,Otros,13798.308562000002
Río Negro,top_trim_2025_3.xlsx,2025,trim,2025-Q2_YTD,Sellos,25926.344819
Río Negro,top_trim_2025_3.xlsx,2025,trim,2025-Q2_YTD,Total,332117.576147
Río Negro,top_trim_2025_3.xlsx,2025,trim,2025-Q3_YTD,Automotores,49425.52
Río Negro,top_trim_2025_3.xlsx,2025,trim,2025-Q3_YTD,Ingresos Brutos,375902.20000000007
Río Negro,top_trim_2025_3.xlsx,2025,trim,2025-Q3_YTD,Inmobiliario,24194.200000000004
Río Negro,top_trim_2025_3.xlsx,2025,trim,2025-Q3_YTD,Otros,21611.53
Río Negro,top_trim_2025_3.xlsx,2025,trim,2025-Q3_YTD,Sellos,40528.66999999999
Río Negro,top_trim_2025_3.xlsx,2025,trim,2025-Q3_YTD,Total,511662.1200000001
Salta,top_trim_2025_3.xlsx,2025,trim,2025-Q1,Automotores,0.0
Salta,top_trim_2025_3.xlsx,2025,trim,2025-Q1,Ingresos Brutos,152380.6057104
Salta,top_trim_2025_3.xlsx,2025,trim,2025-Q1,Inmobiliario,161.87197412
Salta,top_trim_2025_3.xlsx,2025,trim,2025-Q1,Otros,855.3084009299998
Salta,top_trim_2025_3.xlsx,2025,trim,2025-Q1,Sellos,16302.16349744
Salta,top_trim_2025_3.xlsx,2025,trim,2025-Q1,Total,169699.94958289
Salta,top_trim_2025_3.xlsx,2025,trim,2025-Q2_YTD,Automotores,0.0
Salta,top_trim_2025_3.xlsx,2025,trim,2025-Q2_YTD,Ingresos Brutos,312934.78425823
Salta,top_trim_2025_3.xlsx,2025,trim,2025-Q2_YTD,Inmobiliario,395.82776232
Salta,top_trim_2025_3.xlsx,2025,trim,2025-Q2_YTD,Otros,1591.42408487
Salta,top_trim_2025_3.xlsx,2025,trim,2025-Q2_YTD,Sellos,34514.02011848
Salta,top_trim_2025_3.xlsx,2025,trim,2025-Q2_YTD,Total,349436.05622390006
Salta,top_trim_2025_3.xlsx,2025,trim,2025-Q3_YTD,Automotores,0.0
Salta,top_trim_2025_3.xlsx,2025,trim,2025-Q3_YTD,Ingresos Brutos,495270.96328299
Salta,top_trim_2025_3.xlsx,2025,trim,2025-Q3_YTD,Inmobiliario,598.57106052
Salta,top_trim_2025_3.xlsx,2025,trim,2025-Q3_YTD,Otros,2852.95471131
Salta,top_trim_2025_3.xlsx,2025,trim,2025-Q3_YTD,Sellos,57677.04134736
Salta,top_trim_2025_3.xlsx,2025,trim,2025-Q3_YTD,Total,556399.5304021799
San Juan,top_trim_2025_3.xlsx,2025,trim,2025-Q1,Automotores,2413.026743823141
San Juan,top_trim_2025_3.xlsx,2025,trim,2025-Q1,Ingresos Brutos,52716.29136127331
San Juan,top_trim_2025_3.xlsx,2025,trim,2025-Q1,Inmobiliario,2862.068411954883
San Juan,top_trim_2025_3.xlsx,2025,trim,2025-Q1,Otros,4606.379380361771
San Juan,top_trim_2025_3.xlsx,2025,trim,2025-Q1,Sellos,6135.967951886897
San Juan,top_trim_2025_3.xlsx,2025,trim,2025-Q1,Total,68733.7338493
San Juan,top_trim_2025_3.xlsx,2025,trim,2025-Q2_YTD,Automotores,11402.930976536398
San Juan,top_trim_2025_3.xlsx,2025,trim,2025-Q2_YTD,Ingresos Brutos,111892.55219210188
San Juan,top_trim_2025_3.xlsx,2025,trim,2025-Q2_YTD,Inmobiliario,4126.817252070311
San Juan,top_trim_2025_3.xlsx,2025,trim,2025-Q2_YTD,Otros,10174.601128947548
San Juan,top_trim_2025_3.xlsx,2025,trim,2025-Q2_YTD,Sellos,13041.476303023852
San Juan,top_trim_2025_3.xlsx,2025,trim,2025-Q2_YTD,Total,150638.37785267996
San Juan,top_trim_2025_3.xlsx,2025,trim,2025-Q3_YTD,Automotores,16500.720349046427
San Juan,top_trim_2025_3.xlsx,2025,trim,2025-Q3_YTD,Ingresos Brutos,175581.43029078082
San Juan,top_trim_2025_3.xlsx,2025,trim,2025-Q3_YTD,Inmobiliario,5282.769971149468
San Juan,top_trim_2025_3.xlsx,2025,trim,2025-Q3_YTD,Otros,15278.030619447223
San Juan,top_trim_2025_3.xlsx,2025,trim,2025-Q3_YTD,Sellos,21074.087923366085
San Juan,top_trim_2025_3.xlsx,2025,trim,2025-Q3_YTD,Total,233717.03915379004
San Luis,top_trim_2025_3.xlsx,2025,trim,2025-Q1,Automotores,8866.086291639998
San Luis,top_trim_2025_3.xlsx,2025,trim,2025-Q1,Ingresos Brutos,60688.94536478
San Luis,top_trim_2025_3.xlsx,2025,trim,2025-Q1,Inmobiliario,6250.102860340001
San Luis,top_trim_2025_3.xlsx,2025,trim,2025-Q1,Otros,608.6921237399998
San Luis,top_trim_2025_3.xlsx,2025,trim,2025-Q1,Sellos,6919.796679486997
San Luis,top_trim_2025_3.xlsx,2025,trim,2025-Q1,Total,83333.62331998699
San Luis,top_trim_2025_3.xlsx,2025,trim,2025-Q2_YTD,Automotores,11743.908769
San Luis,top_trim_2025_3.xlsx,2025,trim,2025-Q2_YTD,Ingresos Brutos,124057.873776
San Luis,top_trim_2025_3.xlsx,2025,trim,2025-Q2_YTD,Inmobiliario,8440.02023
San Luis,top_trim_2025_3.xlsx,2025,trim,2025-Q2_YTD,Otros,3161.260458
San Luis,top_trim_2025_3.xlsx,2025,trim,2025-Q2_YTD,Sellos,14359.623989
San Luis,top_trim_2025_3.xlsx,2025,trim,2025-Q2_YTD,Total,161762.687222
San Luis,top_trim_2025_3.xlsx,2025,trim,2025-Q3_YTD,Automotores,16096.805922029997
San Luis,top_trim_2025_3.xlsx,2025,trim,2025-Q3_YTD,Ingresos Brutos,195297.5009604
San Luis,top_trim_2025_3.xlsx,2025,trim,2025-Q3_YTD,Inmobiliario,10389.660421759996
San Luis,top_trim_2025_3.xlsx,2025,trim,2025-Q3_YTD,Otros,574.82572245
San Luis,top_trim_2025_3.xlsx,2025,trim,2025-Q3_YTD,Sellos,22638.44712588
San Luis,top_trim_2025_3.xlsx,2025,trim,2025-Q3_YTD,Total,244997.24015252
Santa Cruz,top_trim_2025_3.xlsx,2025,trim,2025-Q1,Automotores,0.0
Santa Cruz,top_trim_2025_3.xlsx,2025,trim,2025-Q1,Ingresos Brutos,83011.81199129033
Santa Cruz,top_trim_2025_3.xlsx,2025,trim,2025-Q1,Inmobiliario,4.35081184640847
Santa Cruz,top_trim_2025_3.xlsx,2025,trim,2025-Q1,Otros,9.05072483186908
Santa Cruz,top_trim_2025_3.xlsx,2025,trim,2025-Q1,Sellos,9244.795446031392
Santa Cruz,top_trim_2025_3.xlsx,2025,trim,2025-Q1,Total,92270.008974
Santa Cruz,top_trim_2025_3.xlsx,2025,trim,2025-Q2_YTD,Automotores,0.0
Santa Cruz,top_trim_2025_3.xlsx,2025,trim,2025-Q2_YTD,Ingresos Brutos,165049.46824909712
Santa Cruz,top_trim_2025_3.xlsx,2025,trim,2025-Q2_YTD,Inmobiliario,5.67214097820887
Santa Cruz,top_trim_2025_3.xlsx,2025,trim,2025-Q2_YTD,Otros,30.43908739883483
Santa Cruz,top_trim_2025_3.xlsx,2025,trim,2025-Q2_YTD,Sellos,18444.050119525877
Santa Cruz,top_trim_2025_3.xlsx,2025,trim,2025-Q2_YTD,Total,183529.62959700005
Santa Cruz,top_trim_2025_3.xlsx,2025,trim,2025-Q3_YTD,Automotores,0.0
Santa Cruz,top_trim_2025_3.xlsx,2025,trim,2025-Q3_YTD,Ingresos Brutos,249195.58631065965
Santa Cruz,top_trim_2025_3.xlsx,2025,trim,2025-Q3_YTD,Inmobiliario,6.9273692414414905
Santa Cruz,top_trim_2025_3.xlsx,2025,trim,2025-Q3_YTD,Otros,39.01098876741885
Santa Cruz,top_trim_2025_3.xlsx,2025,trim,2025-Q3_YTD,Sellos,28488.567318101606
Santa Cruz,top_trim_2025_3.xlsx,2025,trim,2025-Q3_YTD,Total,277730.0919867701
Santiago del Estero,top_trim_2025_3.xlsx,2025,trim,2025-Q1,Automotores,3254.82453438
Santiago del Estero,top_trim_2025_3.xlsx,2025,trim,2025-Q1,Ingresos Brutos,40794.798516170005
Santiago del Estero,top_trim_2025_3.xlsx,2025,trim,2025-Q1,Inmobiliario,2481.66085508
Santiago del Estero,top_trim_2025_3.xlsx,2025,trim,2025-Q1,Otros,460.71615510999993
Santiago del Estero,top_trim_2025_3.xlsx,2025,trim,2025-Q1,Sellos,4198.50054909
Santiago del Estero,top_trim_2025_3.xlsx,2025,trim,2025-Q1,Total,51190.50060982999
Santiago del Estero,top_trim_2025_3.xlsx,2025,trim,2025-Q2_YTD,Automotores,7225.66209423
Santiago del Estero,top_trim_2025_3.xlsx,2025,trim,2025-Q2_YTD,Ingresos Brutos,86909.76581879999
Santiago del Estero,top_trim_2025_3.xlsx,2025,trim,2025-Q2_YTD,Inmobiliario,13718.10569272
Santiago del Estero,top_trim_2025_3.xlsx,2025,trim,2025-Q2_YTD,Otros,1194.39754929
Santiago del Estero,top_trim_2025_3.xlsx,2025,trim,2025-Q2_YTD,Sellos,9951.76453863
Santiago del Estero,top_trim_2025_3.xlsx,2025,trim,2025-Q2_YTD,Total,118999.69569367
Santiago del Estero,top_trim_2025_3.xlsx,2025,trim,2025-Q3_YTD,Automotores,10214.17209423
Santiago del Estero,top_trim_2025_3.xlsx,2025,trim,2025-Q3_YTD,Ingresos Brutos,138458.6858188
Santiago del Estero,top_trim_2025_3.xlsx,2025,trim,2025-Q3_YTD,Inmobiliario,19563.70569272
Santiago del Estero,top_trim_2025_3.xlsx,2025,trim,2025-Q3_YTD,Otros,1621.07754929
Santiago del Estero,top_trim_2025_3.xlsx,2025,trim,2025-Q3_YTD,Sellos,17847.78453863
Santiago del Estero,top_trim_2025_3.xlsx,2025,trim,2025-Q3_YTD,Total,187705.42569367
Tierra del Fuego,top_trim_2025_3.xlsx,2025,trim,2025-Q1,Automotores,0.0
Tierra del Fuego,top_trim_2025_3.xlsx,2025,trim,2025-Q1,Ingresos Brutos,35170.9420078
Tierra del Fuego,top_trim_2025_3.xlsx,2025,trim,2025-Q1,Inmobiliario,2.3983166400000004
Tierra del Fuego,top_trim_2025_3.xlsx,2025,trim,2025-Q1,Otros,27406.3394281
Tierra del Fuego,top_trim_2025_3.xlsx,2025,trim,2025-Q1,Sellos,5047.55110649
Tierra del Fuego,top_trim_2025_3.xlsx,2025,trim,2025-Q1,Total,67627.23085903
Tierra del Fuego,top_trim_2025_3.xlsx,2025,trim,2025-Q2_YTD,Automotores,0.0
Tierra del Fuego,top_trim_2025_3.xlsx,2025,trim,2025-Q2_YTD,Ingresos Brutos,72491.53464923053
Tierra del Fuego,top_trim_2025_3.xlsx,2025,trim,2025-Q2_YTD,Inmobiliario,2.5550990231811808
Tierra del Fuego,top_trim_2025_3.xlsx,2025,trim,2025-Q2_YTD,Otros,58474.04131332174
Tierra del Fuego,top_trim_2025_3.xlsx,2025,trim,2025-Q2_YTD,Sellos,9989.7989443246
Tierra del Fuego,top_trim_2025_3.xlsx,2025,trim,2025-Q2_YTD,Total,140957.93000590004
Tierra del Fuego,top_trim_2025_3.xlsx,2025,trim,2025-Q3_YTD,Automotores,0.0
Tierra del Fuego,top_trim_2025_3.xlsx,2025,trim,2025-Q3_YTD,Ingresos Brutos,114840.16290229053
Tierra del Fuego,top_trim_2025_3.xlsx,2025,trim,2025-Q3_YTD,Inmobiliario,2.8098059931811807
Tierra del Fuego,top_trim_2025_3.xlsx,2025,trim,2025-Q3_YTD,Otros,91660.06519097173
Tierra del Fuego,top_trim_2025_3.xlsx,2025,trim,2025-Q3_YTD,Sellos,15600.908446824602
Tierra del Fuego,top_trim_2025_3.xlsx,2025,trim,2025-Q3_YTD,Total,222103.94634608005
Tucumán,top_trim_2025_3.xlsx,2025,trim,2025-Q1,Automotores,10687.894
Tucumán,top_trim_2025_3.xlsx,2025,trim,2025-Q1,Ingresos Brutos,195463.49
Tucumán,top_trim_2025_3.xlsx,2025,trim,2025-Q1,Inmobiliario,3052.095
Tucumán,top_trim_2025_3.xlsx,2025,trim,2025-Q1,Otros,7448.316000000001
Tucumán,top_trim_2025_3.xlsx,2025,trim,2025-Q1,Sellos,25214.804
Tucumán,top_trim_2025_3.xlsx,2025,trim,2025-Q1,Total,241866.599
Tucumán,top_trim_2025_3.xlsx,2025,trim,2025-Q2_YTD,Automotores,19434.755
Tucumán,top_trim_2025_3.xlsx,2025,trim,2025-Q2_YTD,Ingresos Brutos,414136.778
Tucumán,top_trim_2025_3.xlsx,2025,trim,2025-Q2_YTD,Inmobiliario,5350.297
Tucumán,top_trim_2025_3.xlsx,2025,trim,2025-Q2_YTD,Otros,17956.909
Tucumán,top_trim_2025_3.xlsx,2025,trim,2025-Q2_YTD,Sellos,55811.706000000006
Tucumán,top_trim_2025_3.xlsx,2025,trim,2025-Q2_YTD,Total,512690.445
Tucumán,top_trim_2025_3.xlsx,2025,trim,2025-Q3_YTD,Automotores,28994.998000000003
Tucumán,top_trim_2025_3.xlsx,2025,trim,2025-Q3_YTD,Ingresos Brutos,653281.546
Tucumán,top_trim_2025_3.xlsx,2025,trim,2025-Q3_YTD,Inmobiliario,7889.454
Tucumán,top_trim_2025_3.xlsx,2025,trim,2025-Q3_YTD,Otros,29135.346
Tucumán,top_trim_2025_3.xlsx,2025,trim,2025-Q3_YTD,Sellos,88134.781
Tucumán,top_trim_2025_3.xlsx,2025,trim,2025-Q3_YTD,Total,807436.125
